synth_heb,trans_heb,LLM-as-a-Judge,
"<question>למארק יש גינה עם פרחים. הוא שתל בה צמחים בשלושה צבעים שונים. עשרה מהם צהובים, ויש 80% יותר מהם בצבע סגול. יש רק 25% פרחים ירוקים כמו שיש פרחים צהובים וסגולים יחד. כמה פרחים יש למארק בגינה שלו?</question>
<answer>יש 10 פרחים צהובים.יש 80% יותר פרחים סגולים מצהובים, כלומר 0.80 * 10 = <<0.80*10=8>>8 פרחים נוספים.לכן, יש 10 + 8 = <<10+8=18>>18 פרחים סגולים.המספר הכולל של פרחים צהובים וסגולים הוא 10 + 18 = <<10+18=28>>28 פרחים.יש רק 25% פרחים ירוקים כמו שיש פרחים צהובים וסגולים יחד, כלומר 0.25 * 28 = <<0.25*28=7>>7 פרחים ירוקים.המספר הכולל של פרחים בגינה של מארק הוא 28 + 7 = <<28+7=35>>35 פרחים.#### 35</answer>","<question>למארק יש גינה עם פרחים. הוא שתל בה צמחים בשלושה צבעים שונים. עשרה מהם צהובים, ויש 80% יותר מהם בצבע סגול. יש רק 25% פרחים ירוקים כמו שיש פרחים צהובים וסגולים יחד. כמה פרחים יש למארק בגינה שלו?</question>
<answer>יש 80/100 * 10 = <<80/100*10=8>>8 פרחים סגולים יותר מפרחים צהובים.אז בגינה של מארק יש 10 + 8 = <<10+8=18>>18 פרחים סגולים.פרחים סגולים וצהובים מסתכמים ל-10 + 18 = <<10+18=28>>28 פרחים.זה אומר שבגינה של מארק יש 25/100 * 28 = <<25/100*28=7>>7 פרחים ירוקים.אז בסך הכל למארק יש 28 + 7 = <<28+7=35>>35 צמחים בגינה שלו.#### 35</answer>","'{""decision"": ""Synthesized""}'",
"<question>אלברט תוהה כמה פיצה הוא יכול לאכול ביום אחד. הוא קונה 2 פיצות גדולות ו-2 פיצות קטנות. לפיצה גדולה יש 16 פרוסות ולפיצה קטנה יש 8 פרוסות. אם הוא אוכל את הכל, כמה חתיכות הוא אוכל באותו יום?</question>
<answer>לשתי הפיצות הגדולות יש 2 * 16 = <<2*16=32>>32 פרוסות.
לשתי הפיצות הקטנות יש 2 * 8 = <<2*8=16>>16 פרוסות.
בסך הכל, אלברט אוכל 32 + 16 = <<32+16=48>>48 פרוסות.
#### 48</answer>","<question>אלברט תוהה כמה פיצה הוא יכול לאכול ביום אחד. הוא קונה 2 פיצות גדולות ו-2 פיצות קטנות. לפיצה גדולה יש 16 פרוסות ולפיצה קטנה יש 8 פרוסות. אם הוא אוכל את הכל, כמה חתיכות הוא אוכל באותו יום?</question>
<answer>הוא אוכל 32 מהפיצות הגדולות כי 2 × 16 = <<2*16=32>>32
הוא אוכל 16 מהפיצות הקטנות כי 2 × 8 = <<2*8=16>>16
הוא אוכל 48 חתיכות כי 32 + 16 = <<32+16=48>>48
#### 48</answer>"," '{""decision"":""Synthesized""}'",
"<question>קן יצר חבילת טיפול לשלוח לאחיו, שהיה בפנימייה. קן הניח קופסה על משקל, ואז שפך לתוכה מספיק סוכריות ג'לי כדי להביא את המשקל ל-2 פאונד. לאחר מכן, הוא הוסיף מספיק בראוניז כדי לגרום למשקל לשלש את עצמו. לאחר מכן, הוא הוסיף עוד 2 פאונד של סוכריות ג'לי. ולבסוף, הוא הוסיף מספיק תולעי גומי כדי להכפיל את המשקל שוב. מה היה המשקל הסופי של קופסת הממתקים, בפאונד?</question>
<answer>המשקל ההתחלתי לאחר סוכריות הג'לי הראשונות היה 2 פאונד.לאחר מכן, הוא הוסיף מספיק בראוניז כדי לגרום למשקל לשלש את עצמו, אז המשקל הפך ל-2 * 3 = <<2*3=6>>6 פאונד.לאחר מכן, הוא הוסיף עוד 2 פאונד של סוכריות ג'לי, אז המשקל הפך ל-6 + 2 = <<6+2=8>>8 פאונד.ולבסוף, הוא הוסיף מספיק תולעי גומי כדי להכפיל את המשקל שוב, אז המשקל הסופי היה 8 * 2 = <<8*2=16>>16 פאונד.#### 16</answer>","<question>קן יצר חבילת טיפול לשלוח לאחיו, שהיה בפנימייה. קן הניח קופסה על משקל, ואז שפך לתוך הקופסה מספיק סוכריות ג'לי כדי להביא את המשקל ל-2 פאונד. לאחר מכן, הוא הוסיף מספיק בראוניז כדי לגרום למשקל לשלש את עצמו. אחר כך, הוא הוסיף עוד 2 פאונד של סוכריות ג'לי. ולבסוף, הוא הוסיף מספיק תולעי גומי כדי להכפיל את המשקל שוב. מה היה המשקל הסופי של קופסת הממתקים, בפאונד?</question>
<answer>ל-2 הפאונד הראשונים של סוכריות ג'לי, הוא הוסיף מספיק בראוניז כדי לגרום למשקל לשלש את עצמו, מה שהביא את המשקל ל-2*3=<<2*3=6>>6 פאונד.אחר כך, הוא הוסיף עוד 2 פאונד של סוכריות ג'לי, מה שהביא את המשקל ל-6+2=<<6+2=8>>8 פאונד.ולבסוף, הוא הוסיף מספיק תולעי גומי כדי להכפיל את המשקל שוב, למשקל סופי של 8*2=<<8*2=16>>16 פאונד.#### 16</answer>"," '{""decision"": ""Synthesized""}'",
"<question>אלכסיס מגישה מועמדות לעבודה חדשה וקנתה סט חדש של בגדי עסקים ללבוש לראיון. היא הלכה לחנות כלבו עם תקציב של 200$ והוציאה 30$ על חולצה מכופתרת, 46$ על מכנסי חליפה, 38$ על ז'קט חליפה, 11$ על גרביים, ו-18$ על חגורה. היא גם קנתה זוג נעליים, אבל איבדה את הקבלה שלהם. נותרו לה 16$ מהתקציב שלה. כמה שילמה אלכסיס עבור הנעליים?</question>
<answer>אלכסיס הוציאה על החולצה, המכנסיים, הז'קט, הגרביים והחגורה סך הכל: 30 + 46 + 38 + 11 + 18 = <<30+46+38+11+18=143>>143$.הסכום הכולל שהיא הוציאה מתוך התקציב שלה הוא התקציב ההתחלתי פחות הסכום שנותר לה: 200 - 16 = <<200-16=184>>184$.כדי למצוא כמה שילמה אלכסיס עבור הנעליים, נפחית את סכום ההוצאות הידועות מהסכום הכולל שהוצא: 184 - 143 = <<184-143=41>>41$.#### 41</answer>","<question>אלכסיס מגישה מועמדות לעבודה חדשה וקנתה סט חדש של בגדי עסקים ללבוש לראיון. היא הלכה לחנות כלבו עם תקציב של 200$ והוציאה 30$ על חולצה מכופתרת, 46$ על מכנסי חליפה, 38$ על ז'קט חליפה, 11$ על גרביים, ו-18$ על חגורה. היא גם קנתה זוג נעליים, אבל איבדה את הקבלה עליהן. נותרו לה 16$ מהתקציב שלה. כמה שילמה אלכסיס עבור הנעליים?</question>
<answer>נסמן ב-S את הסכום שאלכסיס שילמה עבור הנעליים.היא הוציאה S + 30 + 46 + 38 + 11 + 18 = S + <<+30+46+38+11+18=143>>143.היא השתמשה בכל התקציב שלה מלבד 16$, אז S + 143 = 200 - 16 = 184.לכן, אלכסיס שילמה S = 184 - 143 = $<<184-143=41>>41 עבור הנעליים.#### 41</answer>"," '{""decision"": ""Synthesized""}'",
"<question>טינה מרוויחה 18.00$ לשעה. אם היא עובדת יותר מ-8 שעות במשמרת, היא זכאית לשעות נוספות, אשר משולמות לפי השכר השעתי שלה + חצי מהשכר השעתי שלה. אם היא עובדת 10 שעות בכל יום במשך 5 ימים, כמה כסף היא מרוויחה?</question>
<answer>השכר הרגיל של טינה הוא 18$ לשעה.שכר שעות נוספות הוא השכר הרגיל + חצי מהשכר הרגיל: 18 + (1/2 * 18) = 18 + 9 = <<18+9=27>>27$ לשעה.בכל יום, טינה עובדת 10 שעות. מתוכן, 8 שעות הן שעות רגילות ו-10 - 8 = <<10-8=2>>2 שעות הן שעות נוספות.התשלום עבור שעות רגילות ביום הוא 8 שעות * 18$ לשעה = <<8*18=144>>144$.התשלום עבור שעות נוספות ביום הוא 2 שעות * 27$ לשעה = <<2*27=54>>54$.סה""כ התשלום היומי של טינה הוא 144 + 54 = <<144+54=198>>198$.מכיוון שהיא עובדת 5 ימים, סך הכסף שהיא מרוויחה הוא 198 * 5 = <<198*5=990>>990$.#### 990</answer>","<question>טינה מרוויחה 18.00$ לשעה. אם היא עובדת יותר מ-8 שעות במשמרת, היא זכאית לשעות נוספות, אשר משולמות לפי השכר השעתי שלה + חצי מהשכר השעתי שלה. אם היא עובדת 10 שעות בכל יום במשך 5 ימים, כמה כסף היא מרוויחה?</question>
<answer>היא עובדת 8 שעות ביום תמורת 18$ לשעה, אז היא מרוויחה 8*18 = $<<8*18=144.00>>144.00 למשמרת של 8 שעות.היא עובדת 10 שעות ביום וכל מה שמעל 8 שעות מזכה אותה לשעות נוספות, אז היא מקבלת 10-8 = <<10-8=2>>2 שעות נוספות.שעות נוספות מחושבות כזמן וחצי והיא מרוויחה 18$ לשעה, אז התשלום שלה לשעות נוספות הוא 18*0.5 = $<<18*.5=9.00>>9.00.התשלום שלה לשעות נוספות הוא 18+9 = $<<18+9=27.00>>27.00.השכר הבסיסי שלה הוא 144.00$ למשמרת של 8 שעות והיא עובדת 5 ימים ומרוויחה 5 * 144$ = $<<144*5=720.00>>720.00.התשלום שלה לשעות נוספות הוא 27.00$ לשעה והיא עובדת 2 שעות נוספות ביום ומרוויחה 27*2 = $<<27*2=54.00>>54.00 בתשלום שעות נוספות.2 שעות של תשלום שעות נוספות במשך 5 ימים אומר שהיא מרוויחה 54*5 = 270.00$.ב-5 ימים השכר הבסיסי שלה הוא 720.00$ והיא מרוויחה 270.00$ בתשלום שעות נוספות, אז היא מרוויחה 720$ + 270$ = $<<720+270=990.00>>990.00.#### 990</answer>"," '{""decision"": ""Synthesized""}'",
"<question>מפלצת ים עמוקה עולה מהמים אחת למאה שנים כדי לסעוד על ספינה ולהשביע את רעבונה. במשך שלוש מאות שנים, היא טרפה 847 אנשים. ספינות נבנו גדולות יותר עם הזמן, כך שלכל ספינה חדשה יש פי שניים אנשים מאשר בספינה הקודמת. כמה אנשים היו על הספינה שהמפלצת אכלה במאה השנים הראשונות?</question>
<answer>המפלצת עולה פעם במאה שנים. במשך שלוש מאות שנים, היא עלתה 3 פעמים.
נסמן ב-x את מספר האנשים שהיו על הספינה במאה השנים הראשונות.
במאה השנים השניות, היו על הספינה פי שניים אנשים, כלומר 2x אנשים.
במאה השנים השלישיות, היו על הספינה פי שניים אנשים מהספינה הקודמת, כלומר 2 * (2x) = 4x אנשים.
המספר הכולל של האנשים שנצרכו הוא סכום האנשים מכל שלוש הספינות: x + 2x + 4x = 847.
נחבר את האיברים: 7x = 847.
נפתור עבור x: x = 847 / 7 = <<847/7=121>>121.
לכן, היו 121 אנשים על הספינה שהמפלצת אכלה במאה השנים הראשונות.
#### 121</answer>","<question>מפלצת ים עמוק עולה מהמים אחת למאה שנים כדי לטרוף ספינה ולהשביע את רעבונה. במשך שלוש מאות שנים, היא טרפה 847 אנשים. ספינות נבנו גדולות יותר עם הזמן, כך שבכל ספינה חדשה היו פי שניים אנשים מאשר בספינה הקודמת. כמה אנשים היו על הספינה שהמפלצת אכלה במאה השנים הראשונות?</question>
<answer>נסמן ב-S את מספר האנשים שהיו על הספינה של מאה השנים הראשונות.בספינה של מאה השנים השניות היו פי שניים אנשים מאשר בראשונה, ולכן היו בה 2S אנשים.בספינה של מאה השנים השלישיות היו פי שניים אנשים מאשר בשנייה, ולכן היו בה 2 * 2S = <<2*2=4>>4S אנשים.בכל הספינות יחד היו S + 2S + 4S = 7S = 847 אנשים.לכן, על הספינה שהמפלצת אכלה במאה השנים הראשונות היו S = 847 / 7 = <<847/7=121>>121 אנשים.#### 121</answer>"," '{""decision"": ""Synthesized""}'",
"<question>טוביאס קונה זוג נעליים חדש שעולה 95$. הוא חסך את כספו מדי חודש בשלושת החודשים האחרונים. הוא מקבל דמי כיס של 5$ בחודש. הוא גם מכסח מדשאות ומפנה שלג משבילי גישה. הוא גובה 15$ עבור כיסוח מדשאה ו-7$ עבור פינוי שלג. לאחר קניית הנעליים, נותרו לו 15$ עודף. אם הוא כיסח 4 מדשאות, כמה שבילי גישה הוא פינה?</question>
<answer>טוביאס הוציא 95$ על הנעליים ונשארו לו 15$ עודף, לכן סך הכסף שהיה לו לפני הקנייה היה 95 + 15 = <<95+15=110>>110$.הוא קיבל דמי כיס במשך 3 חודשים, אז הוא הרוויח 3 * 5 = <<3*5=15>>15$ מדמי כיס.הוא כיסח 4 מדשאות, אז הוא הרוויח 4 * 15 = <<4*15=60>>60$ מכיסוח מדשאות.הכסף שנותר לו מפינוי שבילי גישה הוא 110 - 15 - 60 = <<110-15-60=35>>35$.מכיוון שהוא גובה 7$ עבור פינוי שביל גישה אחד, הוא פינה 35 / 7 = <<35/7=5>>5 שבילי גישה.#### 5</answer>","<question>טוביאס קונה זוג נעליים חדש שעולה 95$. הוא חסך את כספו מדי חודש בשלושת החודשים האחרונים. הוא מקבל דמי כיס של 5$ בחודש. הוא גם מכסח מדשאות ומפנה שבילי גישה. הוא גובה 15$ עבור כיסוח מדשאה ו-7$ עבור פינוי. לאחר קניית הנעליים, נשארו לו 15$ עודף. אם הוא כיסח 4 מדשאות, כמה שבילי גישה הוא פינה?</question>
<answer>הוא חסך סך הכל 110$ כי 95 + 15 = <<95+15=110>>110
הוא חסך 15$ מדמי הכיס שלו כי 3 × 5 = <<3*5=15>>15
הוא הרוויח 60$ מכיסוח מדשאות כי 4 × 15 = <<4*15=60>>60
הוא הרוויח 35$ מפינוי שבילי גישה כי 110 - 60 - 15 = <<110-60-15=35>>35
הוא פינה 5 שבילי גישה כי 35 / 7 = <<35/7=5>>5
#### 5</answer>"," '{""decision"": ""Synthesized""}'",
"<question>לרנדי יש 60 עצי מנגו בחווה שלו. יש לו גם 5 פחות ממחצית ממספר עצי הקוקוס שיש לו מעצי המנגו. כמה עצים יש לרנדי בסך הכל בחווה שלו?</question>
<answer>לרנדי יש 60 עצי מנגו.מספר עצי הקוקוס הוא חצי ממספר עצי המנגו פחות 5.חצי ממספר עצי המנגו הוא 60 / 2 = <<60/2=30>>30.מספר עצי הקוקוס הוא 30 - 5 = <<30-5=25>>25.המספר הכולל של העצים בחווה של רנדי הוא 60 (מנגו) + 25 (קוקוס) = <<60+25=85>>85.#### 85</answer>","<question>לרנדי יש 60 עצי מנגו בחווה שלו. יש לו גם עצי קוקוס במספר שהוא 5 פחות ממחצית מספר עצי המנגו. כמה עצים יש לרנדי בסך הכל בחווה שלו?</question>
<answer>מחצית ממספר עצי המנגו של רנדי היא 60/2 = <<60/2=30>>30 עצים.אז לרנדי יש 30 - 5 = <<30-5=25>>25 עצי קוקוס.לכן, לרנדי יש 60 + 25 = <<60+25=85>>85 עצים בחווה שלו.#### 85</answer>"," '{""decision"": ""Translated""}'",
"<question>ג'ספר יגיש מגש נקניקים וגבינות במסיבת ארוחת הערב שלו. הוא קונה 2 פאונד גבינת צ'דר ב-10$, פאונד גבינת שמנת שעלה חצי ממחיר גבינת הצ'דר, וחבילת נקניקים שעלו פי שניים ממחיר גבינת הצ'דר. כמה הוא מוציא על המרכיבים?</question>
<answer>גבינת הצ'דר עלתה 10$.גבינת השמנת עלתה חצי ממחיר גבינת הצ'דר, כלומר 10 / 2 = $<<10/2=5>>5.חבילת הנקניקים עלתה פי שניים ממחיר גבינת הצ'דר, כלומר 10 * 2 = $<<10*2=20>>20.הסכום הכולל שג'ספר הוציא הוא 10 + 5 + 20 = $<<10+5+20=35>>35.#### 35</answer>","<question>ג'ספר יגיש מגש נקניקים וגבינות במסיבת ארוחת הערב שלו. הוא קונה 2 פאונד גבינת צ'דר ב-10$, פאונד גבינת שמנת שעלה חצי ממחיר גבינת הצ'דר, וחבילת נקניקים שעלו פי שניים ממחיר גבינת הצ'דר. כמה הוא מוציא על המרכיבים?</question>
<answer>פאונד גבינת שמנת עלה 10$ / 2 = $<<10/2=5>>5.חבילת נקניקים עלתה 10$ × 2 = $<<10*2=20>>20.ג'ספר הוציא 10$ + 5$ + 20$ = $<<10+5+20=35>>35 על המרכיבים.#### 35</answer>"," '{""decision"": ""Synthesized""}'",
"<question>ג'וי יכולה לקרוא 8 עמודים מספר ב-20 דקות. כמה שעות ייקח לה לקרוא 120 עמודים?</question>
<answer>ג'וי קוראת 8 עמודים ב-20 דקות, לכן היא קוראת 8/20 = <<8/20=0.4>>0.4 עמודים בדקה.כדי לקרוא 120 עמודים, ייקח לה 120 / 0.4 = <<120/0.4=300>>300 דקות.כדי להמיר דקות לשעות, נחלק ב-60: 300 / 60 = <<300/60=5>>5 שעות.#### 5</answer>","<question>ג'וי יכולה לקרוא 8 עמודים מספר ב-20 דקות. כמה שעות ייקח לה לקרוא 120 עמודים?</question>
<answer>בשעה אחת, יש 3 קבוצות של 20 דקות.לכן, ג'וי יכולה לקרוא 8 × 3 = <<8*3=24>>24 עמודים בשעה.ייקח לה 120/24 = <<120/24=5>>5 שעות לקרוא 120 עמודים.#### 5</answer>"," '{""decision"": ""Translated""}'",
"<question>ג'יימס יוצר אימפריית מדיה. הוא יוצר סרט בעלות של 2000$. כל DVD עולה 6$ לייצור. הוא מוכר אותו במחיר הגבוה פי 2.5 מזה. הוא מוכר 500 סרטים ביום במשך 5 ימים בשבוע. כמה רווח הוא מרוויח ב-20 שבועות?</question>
<answer>עלות ייצור DVD אחד היא 6$.מחיר המכירה של DVD אחד הוא 6 * 2.5 = <<6*2.5=15>>15$.הרווח ל-DVD אחד הוא 15 - 6 = <<15-6=9>>9$.מספר הסרטים הנמכרים בשבוע הוא 500 סרטים ליום * 5 ימים בשבוע = <<500*5=2500>>2500 סרטים בשבוע.הרווח השבועי ממכירת DVD הוא 2500 סרטים בשבוע * 9$ לסרט = <<2500*9=22500>>22500$ בשבוע.הרווח הכולל ממכירת DVD ב-20 שבועות הוא 22500$ לשבוע * 20 שבועות = <<22500*20=450000>>450000$.עלות יצירת הסרט הראשונית היא 2000$.הרווח הכולל ב-20 שבועות (לאחר ניכוי העלות הראשונית) הוא 450000 - 2000 = <<450000-2000=448000>>448000$.#### 448000</answer>","<question>ג'יימס יוצר אימפריית מדיה. הוא יוצר סרט ב-2000$. כל דיסק DVD עלה 6$ לייצור. הוא מוכר אותו במחיר הגבוה פי 2.5 מזה. הוא מוכר 500 סרטים ביום במשך 5 ימים בשבוע. כמה רווח הוא מרוויח ב-20 שבועות?</question>
<answer>הוא מכר כל דיסק DVD ב-6*2.5=$<<6*2.5=15>>15
אז הוא מרוויח רווח של 15-6=$<<15-6=9>>9
אז בכל יום הוא מרוויח רווח של 9*500=$<<9*500=4500>>4500
אז הוא מרוויח 4500*5=$<<4500*5=22500>>22,500
הוא מרוויח 22,500*20=$<<22500*20=450000>>450,000
ואז, לאחר עלות יצירת הסרט, יש לו רווח של 450,000-2000=$<<450000-2000=448000>>448,000
#### 448000</answer>"," '{\n  ""decision"": ""Synthesized""\n}'",
"<question>הרווח מעסקת עסקים חולק בין 2 שותפים עסקיים, מייק וג'ונסון ביחס של 2:5 בהתאמה. אם ג'ונסון קיבל 2500$, כמה יישאר למייק לאחר שיבזבז חלק מחלקו על חולצה שעולה 200$?</question>
<answer>היחס בין מייק לג'ונסון הוא 2:5.ג'ונסון קיבל 2500$.כדי למצוא את חלקו של מייק, נשתמש ביחס:חלקו של מייק / חלקו של ג'ונסון = 2 / 5חלקו של מייק / 2500 = 2 / 5חלקו של מייק = (2 / 5) * 2500חלקו של מייק = 2 * (2500 / 5)חלקו של מייק = 2 * 500חלקו של מייק = <<2*500=1000>>1000$מייק הוציא 200$ על חולצה.הכסף שיישאר למייק = חלקו של מייק - עלות החולצההכסף שיישאר למייק = 1000 - 200הכסף שיישאר למייק = <<1000-200=800>>800$#### 800</answer>","<question>הרווח מעסקה עסקית מתחלק בין 2 שותפים עסקיים, מייק וג'ונסון ביחס של 2:5 בהתאמה. אם ג'ונסון קיבל 2500$, כמה יישאר למייק לאחר שהוציא חלק מחלקו על חולצה שעולה 200$?</question>
<answer>לפי היחס, על כל 5 חלקים שג'ונסון מקבל, מייק מקבל 2 חלקים.מכיוון שג'ונסון קיבל 2500$, כל חלק הוא אפוא 2500/5 = $<<2500/5=500>>500.מייק יקבל 2*500$ = $<<2*500=1000>>1000.לאחר קניית החולצה יישארו לו 1000$-200$ = $<<1000-200=800>>800.#### 800</answer>"," '{""decision"": ""Synthesized""}'",
"<question>במשאית, יש 26 קסדות ורודות, 15 קסדות ירוקות, ו-24 קסדות צהובות. אם קארל לוקח 4 קסדות ורודות, וג'ון לוקח 6 קסדות ורודות ופי שניים קסדות ירוקות ממספר הקסדות הוורודות שהוא לקח, אז חשבו את המספר הכולל של הקסדות שנותרו במשאית.</question>
<answer>מספר הקסדות הוורודות שקארל לקח הוא 4.
מספר הקסדות הוורודות שג'ון לקח הוא 6.
מספר הקסדות הירוקות שג'ון לקח הוא 2 * 6 = <<2*6=12>>12.

מספר הקסדות הוורודות שנותרו: 26 - 4 - 6 = <<26-4-6=16>>16.
מספר הקסדות הירוקות שנותרו: 15 - 12 = <<15-12=3>>3.
מספר הקסדות הצהובות שנותרו: 24 (לא השתנה).

המספר הכולל של הקסדות שנותרו במשאית הוא 16 + 3 + 24 = <<16+3+24=43>>43.
#### 43</answer>","<question>במשאית, יש 26 קסדות ורודות, 15 קסדות ירוקות, ו-24 קסדות צהובות. אם קארל לוקח 4 קסדות ורודות, וג'ון לוקח 6 קסדות ורודות ופי שניים קסדות ירוקות ממספר הקסדות הוורודות שהוא לקח, אז חשבו את המספר הכולל של הקסדות שנותרו במשאית.</question>
<answer>אם היו 26 קסדות ורודות וקארל לקח 4 קסדות ורודות, מספר הקסדות הוורודות שנותרו הוא 26-4 = <<26-4=22>>22
ג'ון גם לקח 6 קסדות ורודות, והותיר 22-6 = <<22-6=16>>16 קסדות ורודות במשאית.
אם ג'ון לקח גם פי שניים קסדות ירוקות מקסדות ורודות, הוא לקח 2*6 = <<6*2=12>>12 קסדות ירוקות.
המספר הכולל של הקסדות הירוקות שנותרו במשאית הוא 15-12 = <<15-12=3>>3
במשאית, לאחר שלקחו חלק, נותרו 3 קסדות ירוקות + 16 קסדות ורודות = <<3+16=19>>19 קסדות במשאית.
בסך הכל, 19 קסדות ירוקות וורודות + 24 קסדות צהובות = <<19+24=43>>43 קסדות נותרו במשאית
#### 43</answer>"," '{""decision"": ""Synthesized""}'",
"<question>לרוק לוקח שעתיים ללכת לעבודה ושעה לרכוב על אופניו לעבודה. רוק הולך לעבודה וממנה שלוש פעמים בשבוע ורוכב על אופניו לעבודה וממנה פעמיים בשבוע. כמה שעות בסך הכל לוקח לו להגיע לעבודה וממנה בשבוע בהליכה וברכיבה על אופניים?</question>
<answer>לרוק לוקח שעתיים ללכת לעבודה, אז הליכה הלוך ושוב לוקחת 2 * 2 = <<2*2=4>>4 שעות.הוא הולך לעבודה וממנה 3 פעמים בשבוע, אז סך הכל שעות הליכה בשבוע הן 4 * 3 = <<4*3=12>>12 שעות.לרוק לוקח שעה לרכוב על אופניו לעבודה, אז רכיבה הלוך ושוב לוקחת 1 * 2 = <<1*2=2>>2 שעות.הוא רוכב על אופניו לעבודה וממנה פעמיים בשבוע, אז סך הכל שעות רכיבה על אופניים בשבוע הן 2 * 2 = <<2*2=4>>4 שעות.בסך הכל, לוקח לו 12 + 4 = <<12+4=16>>16 שעות להגיע לעבודה וממנה בשבוע בהליכה וברכיבה על אופניים.#### 16</answer>","<question>לוקח לרוק שעתיים ללכת לעבודה ושעה אחת לרכוב על אופניו לעבודה. רוק הולך לעבודה וממנה שלוש פעמים בשבוע ורוכב על אופניו לעבודה וממנה פעמיים בשבוע. כמה שעות בסך הכל לוקח לו להגיע לעבודה וממנה בשבוע בהליכה וברכיבה על אופניים?</question>
<answer>לרוק לוקח 2*3 = <<2*3=6>>6 שעות בשבוע ללכת לעבודה.
לרוק לוקח 6*2 = <<6*2=12>>12 שעות בשבוע ללכת לעבודה וממנה.
לרוק לוקח 1*2 = <<1*2=2>>2 שעות בשבוע לרכוב על אופניו לעבודה.
לרוק לוקח 2*2 = <<2*2=4>>4 שעות בשבוע לרכוב על אופניו לעבודה וממנה.
בסך הכל, לרוק לוקח 12+4 = <<12+4=16>>16 שעות בשבוע להגיע לעבודה וממנה.
#### 16</answer>",,
"<question>טים רוכב על אופניו הלוך ושוב לעבודה בכל אחד מ-5 ימי העבודה שלו. מקום עבודתו נמצא במרחק 20 מייל. הוא גם יוצא לרכיבת אופניים בסוף השבוע למרחק 200 מייל. אם הוא יכול לרכוב במהירות 25 מייל לשעה, כמה זמן הוא מבלה ברכיבה על אופניים בשבוע?</question>
<answer>טים רוכב 20 מייל הלוך ו-20 מייל חזור לעבודה, כלומר 20 * 2 = <<20*2=40>>40 מייל ביום.במהלך 5 ימי עבודה, הוא רוכב 40 * 5 = <<40*5=200>>200 מייל.בסוף השבוע הוא רוכב 200 מייל נוספים.המרחק הכולל שטים רוכב בשבוע הוא 200 + 200 = <<200+200=400>>400 מייל.אם הוא רוכב במהירות 25 מייל לשעה, הזמן הכולל שהוא מבלה ברכיבה הוא 400 / 25 = <<400/25=16>>16 שעות.#### 16</answer>","<question>טים רוכב על אופניו הלוך ושוב לעבודה בכל אחד מ-5 ימי העבודה שלו. עבודתו נמצאת במרחק 20 מייל. הוא גם יוצא לרכיבת אופניים בסוף השבוע למרחק 200 מייל. אם הוא יכול לרכוב במהירות 25 מייל לשעה, כמה זמן הוא מבלה ברכיבה על אופניים בשבוע?</question>
<answer>הוא רוכב 20*2=<<20*2=40>>40 מייל בכל יום לעבודה
אז הוא רוכב 40*5=<<40*5=200>>200 מייל לעבודה
זה אומר שהוא רוכב סך הכל 200+200=<<200+200=400>>400 מייל
אז הוא רוכב סך הכל 400/25=<<400/25=16>>16 שעות
#### 16</answer>",,
"<question>בלה קנתה בולים בסניף הדואר. לחלק מהבולים היה עיצוב פתית שלג, לחלקם עיצוב משאית, ולחלקם עיצוב ורד. בלה קנתה 11 בולי פתית שלג. היא קנתה 9 בולי משאית יותר מבולי פתית שלג, ו-13 בולי ורד פחות מבולי משאית. כמה בולים קנתה בלה בסך הכל?</question>
<answer>בלה קנתה 11 בולי פתית שלג.
היא קנתה 9 בולי משאית יותר מבולי פתית שלג, אז היא קנתה 11 + 9 = <<11+9=20>>20 בולי משאית.
היא קנתה 13 בולי ורד פחות מבולי משאית, אז היא קנתה 20 - 13 = <<20-13=7>>7 בולי ורד.
בסך הכל, בלה קנתה 11 (פתית שלג) + 20 (משאית) + 7 (ורד) = <<11+20+7=38>>38 בולים.
#### 38</answer>","<question>בלה קנתה בולים בסניף הדואר. לחלק מהבולים היה עיצוב של פתית שלג, לחלק עיצוב של משאית, ולחלק עיצוב של ורד. בלה קנתה 11 בולי פתית שלג. היא קנתה 9 בולי משאית יותר מבולי פתית שלג, ו-13 בולי ורד פחות מבולי משאית. כמה בולים קנתה בלה בסך הכל?</question>
<answer>מספר בולי המשאית הוא 11 + 9 = <<11+9=20>>20.מספר בולי הוורד הוא 20 - 13 = <<20-13=7>>7.בלה קנתה 11 + 20 + 7 = <<11+20+7=38>>38 בולים בסך הכל.#### 38</answer>",,
"<question>כל ציפור אוכלת 12 חיפושיות ביום, כל נחש אוכל 3 ציפורים ביום, וכל יגואר אוכל 5 נחשים ביום. אם יש 6 יגוארים ביער, כמה חיפושיות נאכלות בכל יום?</question>
<answer>6 יגוארים אוכלים 6 * 5 = <<6*5=30>>30 נחשים ביום.30 נחשים אוכלים 30 * 3 = <<30*3=90>>90 ציפורים ביום.90 ציפורים אוכלות 90 * 12 = <<90*12=1080>>1080 חיפושיות ביום.#### 1080</answer>","<question>כל ציפור אוכלת 12 חיפושיות ביום, כל נחש אוכל 3 ציפורים ביום, וכל יגואר אוכל 5 נחשים ביום. אם יש 6 יגוארים ביער, כמה חיפושיות נאכלות בכל יום?</question>
<answer>תחילה מצאו את המספר הכולל של הנחשים שנאכלו: 5 נחשים/יגואר * 6 יגוארים = <<5*6=30>>30 נחשים
לאחר מכן מצאו את המספר הכולל של הציפורים שנאכלו ביום: 30 נחשים * 3 ציפורים/נחש = <<30*3=90>>90 ציפורים
לאחר מכן הכפילו את מספר הציפורים במספר החיפושיות לציפור כדי למצוא את המספר הכולל של החיפושיות שנאכלו ביום: 90 ציפורים * 12 חיפושיות/ציפור = <<90*12=1080>>1080 חיפושיות
#### 1080</answer>",,
"<question>לשם המשפחה של סמנתה יש שלוש אותיות פחות משם המשפחה של בובי. אם בובי הייתה מורידה שתי אותיות משם המשפחה שלה, היה לה שם משפחה באורך כפול מזה של ג'יימי. שמה המלא של ג'יימי הוא ג'יימי גריי. כמה אותיות יש בשם המשפחה של סמנתה?</question>
<answer>שם המשפחה של ג'יימי הוא ""גריי"". יש בו 4 אותיות.אם בובי הייתה מורידה שתי אותיות משם המשפחה שלה, היה לה שם משפפה באורך כפול מזה של ג'יימי. לכן, שם המשפחה של בובי (פחות 2 אותיות) הוא 2 * 4 = <<2*4=8>>8 אותיות.זה אומר שלשם המשפחה של בובי יש 8 + 2 = <<8+2=10>>10 אותיות.לשם המשפחה של סמנתה יש שלוש אותיות פחות משם המשפחה של בובי. לכן, לשם המשפחה של סמנתה יש 10 - 3 = <<10-3=7>>7 אותיות.#### 7</answer>","<question>לשם המשפחה של סמנתה יש שלוש אותיות פחות משם המשפחה של בובי. אם בובי הייתה מורידה שתי אותיות משם המשפחה שלה, היה לה שם משפחה באורך כפול מזה של ג'יימי. שמה המלא של ג'יימי הוא ג'יימי גריי. כמה אותיות יש בשם המשפחה של סמנתה?</question>
<answer>יש 4 אותיות בשם המשפחה של ג'יימי, אז השם של בובי הוא באורך 4*2 +2 = <<4*2+2=10>>10 אותיות.
שם המשפחה של סמנתה קצר ב-3 אותיות מזה של בובי, אז יש 10 - 3 = <<10-3=7>>7 אותיות בשם המשפחה של סמנתה.
#### 7</answer>",,
"<question>בחנות האהובה על אן היה מבצע חיסול מלאי קיץ. תמורת 75$ היא קנתה 5 זוגות מכנסיים קצרים ב-7$ כל אחד ו-2 זוגות נעליים ב-10$ כל אחד. היא גם קנתה 4 חולצות, כולן באותו מחיר. כמה עלתה כל חולצה?</question>
<answer>אן קנתה 5 זוגות מכנסיים קצרים ב-7$ כל אחד, אז עלות המכנסיים הקצרים הייתה 5 * 7 = $<<5*7=35>>35.
היא קנתה 2 זוגות נעליים ב-10$ כל אחד, אז עלות הנעליים הייתה 2 * 10 = $<<2*10=20>>20.
העלות הכוללת של המכנסיים הקצרים והנעליים יחד הייתה 35 + 20 = $<<35+20=55>>55.
היא הוציאה סך הכל 75$, אז הסכום שהוציאה על החולצות היה 75 - 55 = $<<75-55=20>>20.
מכיוון שהיא קנתה 4 חולצות באותו מחיר, העלות של כל חולצה הייתה 20 / 4 = $<<20/4=5>>5.
#### 5</answer>","<question>החנות האהובה על אן ערכה מבצע חיסול קיץ. ב-75$ היא קנתה 5 זוגות מכנסיים קצרים ב-7$ כל אחד ו-2 זוגות נעליים ב-10$ כל אחד. היא גם קנתה 4 חולצות, כולן באותו מחיר. כמה עלתה כל חולצה?</question>
<answer>היא קנתה 5 מכנסיים קצרים ב-7$ כל אחד, אז 5*7=$<<5*7=35>>35
היא קנתה 2 זוגות נעליים ב-10$ כל אחד, אז 2*10=$<<2*10=20>>20
המכנסיים הקצרים והנעליים עלו לה 35+20 = $<<35+20=55>>55
אנחנו יודעים שהיא הוציאה סך הכל 75$ והמכנסיים הקצרים והנעליים עלו 55$, מה שהותיר הפרש של 75-55 = $<<75-55=20>>20
היא קנתה 4 חולצות בסך הכל ב-20$, אז 20/4 = $5
#### 5</answer>",,
"<question>מרי עושה את קניותיה בסופר ביום שבת. היא עורכת את קניותיה רק בחנות ספציפית שבה מותר לה אשראי של 100$, אשר חייב להיות משולם במלואו לפני מסע הקניות הבא שלה. באותו שבוע היא הוציאה את מלוא מגבלת האשראי ושילמה 15$ ממנו ביום שלישי ו-23$ ממנו ביום חמישי. כמה אשראי תצטרך מרי לשלם לפני מסע הקניות הבא שלה?</question>
<answer>מרי הוציאה את מלוא מגבלת האשראי שלה, שהיא 100$. ביום שלישי היא שילמה 15$. ביום חמישי היא שילמה 23$. הסכום הכולל שהיא שילמה הוא 15 + 23 = <<15+23=38>>38$. הסכום שנותר לה לשלם הוא 100 - 38 = <<100-38=62>>62$.#### 62</answer>","<question>מרי עושה את קניותיה בשבת. היא עורכת את קניותיה רק בחנות ספציפית שבה מותר לה אשראי של 100$, אשר חייב להיות משולם במלואו לפני נסיעת הקניות הבאה שלה. באותו שבוע היא הוציאה את מלוא מגבלת האשראי ושילמה 15$ מתוכו ביום שלישי ו-23$ מתוכו ביום חמישי. כמה אשראי תצטרך מרי לשלם לפני נסיעת הקניות הבאה שלה?</question>
<answer>עד כה, מרי שילמה בחזרה 15$ + 23$ = $<<15+23=38>>38 מהאשראי. אז היא עדיין צריכה לשלם 100$ - 38$ = $<<100-38=62>>62. #### 62</answer>",,
"<question>רלף הולך להתאמן בטניס עם מכונת כדורי טניס שיורה כדורי טניס לרלף כדי שיחבוט בהם. הוא טוען את המכונה ב-175 כדורי טניס בתחילה. מתוך 100 הכדורים הראשונים, הוא מצליח לחבוט ב-2/5 מהם. מתוך 75 כדורי הטניס הבאים, הוא מצליח לחבוט ב-1/3 מהם. מתוך כל כדורי הטניס, בכמה מהם רלף לא חבט?</question>
<answer>מתוך 100 הכדורים הראשונים, רלף חבט ב- (2/5) * 100 = <<(2/5)*100=40>>40 כדורים.לכן, הוא לא חבט ב- 100 - 40 = <<100-40=60>>60 כדורים מתוך ה-100 הראשונים.מתוך 75 הכדורים הבאים, רלף חבט ב- (1/3) * 75 = <<(1/3)*75=25>>25 כדורים.לכן, הוא לא חבט ב- 75 - 25 = <<75-25=50>>50 כדורים מתוך ה-75 הבאים.בסך הכל, רלף לא חבט ב- 60 + 50 = <<60+50=110>>110 כדורים.#### 110</answer>","<question>רלף הולך להתאמן בטניס עם מכונת כדורי טניס שיורה כדורי טניס לרלף כדי שיחבוט בהם. הוא טוען את המכונה ב-175 כדורי טניס להתחלה. מתוך 100 הכדורים הראשונים, הוא מצליח לחבוט ב-2/5 מהם. מתוך 75 כדורי הטניס הבאים, הוא מצליח לחבוט ב-1/3 מהם. מתוך כל כדורי הטניס, בכמה מהם רלף לא חבט?</question>
<answer>מתוך 100 הכדורים הראשונים, רלף הצליח לחבוט ב-2/5 מהם ולא הצליח לחבוט ב-3/5 מהם, 3/5 * 100 = 60 כדורי טניס שרלף לא חבט בהם.
מתוך 75 הכדורים הבאים, רלף הצליח לחבוט ב-1/3 מהם ולא הצליח לחבוט ב-2/3 מהם, 2/3 * 75 = 50 כדורי טניס שרלף לא חבט בהם.
בסך הכל, רלף לא הצליח לחבוט ב-60 + 50 = <<60+50=110>>110 כדורי טניס.
#### 110</answer>",,
"<question>ג'ק תקוע על אי בודד. הוא רוצה קצת מלח כדי לתבל את הדג שלו. הוא אוסף 2 ליטר מי ים בדלי ישן. אם המים הם 20% מלח, כמה מ""ל מלח יקבל ג'ק כשכל המים יתאדו?</question>
<answer>קודם כל, נמיר את כמות מי הים מליטרים למיליליטרים.1 ליטר שווה ל-1000 מיליליטר, אז 2 ליטר שווים ל- 2 * 1000 = <<2*1000=2000>>2000 מ""ל.אם המים הם 20% מלח, אז כמות המלח שג'ק יקבל היא 20% מתוך 2000 מ""ל.נחשב: 0.20 * 2000 = <<0.20*2000=400>>400 מ""ל.#### 400</answer>","<question>ג'ק תקוע על אי בודד. הוא רוצה קצת מלח כדי לתבל את הדג שלו. הוא אוסף 2 ליטר מי ים בדלי ישן. אם המים הם 20% מלח, כמה מ""ל מלח יקבל ג'ק כאשר כל המים יתאדו?</question>
<answer>תחילה מצאו כמה ליטרים ממי הים הם מלח: 2 ליטר * 20% = <<2*20*.01=.4>>0.4 ליטר
לאחר מכן הכפילו את הכמות הזו ב-1000 מ""ל/ליטר כדי למצוא את מספר מ""ל המלח שג'ק יקבל: 0.4 ליטר * 1000 מ""ל/ליטר = <<.4*1000=400>>400 מ""ל
#### 400</answer>",,
"<question>ברנן חקר עבור פרויקט בית הספר שלו והיה צריך להוריד קבצים מהאינטרנט למחשב שלו כדי להשתמש בהם כהפניה. לאחר שהוריד 800 קבצים, הוא מחק 70% מהם מכיוון שהם לא היו מועילים. הוא הוריד 400 קבצים נוספים אך שוב הבין ש-3/5 מהם לא רלוונטיים. כמה קבצים בעלי ערך נשארו לו לאחר מחיקת הקבצים הלא קשורים שהוריד בסבב השני?</question>
<answer>ברנן הוריד 800 קבצים בהתחלה. הוא מחק 70% מהם, כלומר 0.70 * 800 = <<0.70*800=560>>560 קבצים. מספר הקבצים המועילים שנשארו מההורדה הראשונה הוא 800 - 560 = <<800-560=240>>240 קבצים.הוא הוריד 400 קבצים נוספים. הוא הבין ש-3/5 מהם לא רלוונטיים, כלומר (3/5) * 400 = <<(3/5)*400=240>>240 קבצים לא רלוונטיים.מספר הקבצים המועילים מההורדה השנייה הוא 400 - 240 = <<400-240=160>>160 קבצים.המספר הכולל של קבצים בעלי ערך שנשארו לו הוא 240 + 160 = <<240+160=400>>400 קבצים.#### 400</answer>","<question>ברנן חקר עבור פרויקט בית הספר שלו והיה צריך להוריד קבצים מהאינטרנט למחשב שלו כדי להשתמש בהם כחומר עזר. לאחר שהוריד 800 קבצים, הוא מחק 70% מהם כי הם לא היו מועילים. הוא הוריד 400 קבצים נוספים אך שוב הבין ש-3/5 מהם לא היו רלוונטיים. כמה קבצים בעלי ערך נשארו לו לאחר מחיקת הקבצים הלא קשורים שהוריד בסבב השני?</question>
<answer>מספר הקבצים חסרי הערך שברנן הוריד בסבב הראשון הוא 70/100*800 = <<70/100*800=560>>560 קבצים.מספר הקבצים בעלי הערך שברנן הוריד בסבב הראשון הוא 800-560 = <<800-560=240>>240כשהוא הוריד 400 קבצים חדשים, היו 3/5*400= <<3/5*400=240>>240 קבצים לא שימושיים, אותם הוא מחק שוב.המספר הכולל של קבצים בעלי ערך שהוא הוריד בסבב השני הוא 400-240 = <<400-240=160>>160כדי לכתוב את המחקר שלו, לברנן היו 160+240 = <<160+240=400>>400 קבצים שימושיים להתייחסות.#### 400</answer>",,
"<question>ישנם 5 בתים ברחוב, ולכל אחד מארבעת הבתים הראשונים יש 3 גמדים בגינה. אם ישנם בסך הכל 20 גמדים ברחוב, כמה גמדים יש לבית החמישי?</question>
<answer>לכל אחד מארבעת הבתים הראשונים יש 3 גמדים.לכן, המספר הכולל של גמדים בארבעת הבתים הראשונים הוא 4 * 3 = <<4*3=12>>12 גמדים.ישנם בסך הכל 20 גמדים ברחוב.מספר הגמדים בבית החמישי הוא המספר הכולל של הגמדים פחות הגמדים בארבעת הבתים הראשונים.לכן, לבית החמישי יש 20 - 12 = <<20-12=8>>8 גמדים.#### 8</answer>","<question>ישנם 5 בתים ברחוב, ולכל אחד מארבעת הבתים הראשונים יש 3 גמדים בגינה. אם יש בסך הכל 20 גמדים ברחוב, כמה גמדים יש בבית החמישי?</question>
<answer>בארבעת הבתים הראשונים, יש בסך הכל 4 בתים * 3 גמדים = <<4*3=12>>12 גמדים.לכן, לבית החמישי היו 20 גמדים בסך הכל – 12 גמדים = <<20-12=8>>8 גמדים.#### 8</answer>",,
"<question>גברת סניידר נהגה להוציא 40% מההכנסה החודשית שלה על שכר דירה וחשבונות. משכורתה הוגדלה לאחרונה ב-600$, כך שכעת שכר הדירה והחשבונות שלה מסתכמים רק ב-25% מההכנסה החודשית שלה. כמה הייתה ההכנסה החודשית הקודמת שלה?</question>
<answer>נסמן את ההכנסה החודשית הקודמת שלה ב-X.שכר הדירה והחשבונות היו 40% מההכנסה הקודמת, כלומר 0.40X.ההכנסה החדשה שלה היא X + 600$.שכר הדירה והחשבונות מסתכמים כעת ב-25% מההכנסה החדשה, כלומר 0.25 * (X + 600).מכיוון שעלות שכר הדירה והחשבונות לא השתנתה, נוכל להשוות בין שני הביטויים:0.40X = 0.25 * (X + 600)0.40X = 0.25X + 0.25 * 6000.40X = 0.25X + 150נחסר 0.25X משני הצדדים:0.40X - 0.25X = 1500.15X = 150נחלק ב-0.15:X = 150 / 0.15X = <<150/0.15=1000>>1000לכן, ההכנסה החודשית הקודמת שלה הייתה 1000$.#### 1000</answer>","<question>גברת סניידר נהגה להוציא 40% מההכנסה החודשית שלה על שכר דירה וחשבונות. המשכורת שלה הוגדלה לאחרונה ב-600$, כך שעכשיו שכר הדירה והחשבונות שלה מסתכמים רק ב-25% מההכנסה החודשית שלה. כמה הייתה ההכנסה החודשית הקודמת שלה?</question>
<answer>נסמן את ההכנסה החודשית הקודמת שלה ב-p.עלות שכר הדירה והחשבונות שלה הייתה 40% מ-p, שהם (40/100)*p = 2p/5.ההכנסה שלה הוגדלה ב-600$, אז היא עכשיו p+$600.עלות שכר הדירה והחשבונות שלה מסתכמת כעת ב-25% מ-(p+$600), שהם (25/100)*(p+$600) = (p+$600)/4.נשווה את שני הביטויים לעלות שכר הדירה והחשבונות: 2p/5 = (p+$600)/4.נכפיל את שני צידי המשוואה ב-20 ונקבל 8p = 5p+$3000.נחסיר 5p משני הצדדים ונקבל: 3p = $3000.נחלק את שני הצדדים ב-3 ונקבל p = $1000.#### 1000</answer>",,
"<question>אן, ביל, קייט, ודייל כל אחד קונה פיצה אישית חתוכה ל-4 חתיכות. אם ביל ודייל אוכלים 50% מהפיצות שלהם ואן וקייט אוכלות 75% מהפיצות, כמה חתיכות פיצה נשארו לא נאכלו?</question>
<answer>לכל פיצה יש 4 חתיכות.ביל ודייל אכלו 50% מהפיצה שלהם, כלומר 4 * 0.50 = <<4*0.50=2>>2 חתיכות כל אחד.לכן, כל אחד מהם השאיר 4 - 2 = <<4-2=2>>2 חתיכות.אן וקייט אכלו 75% מהפיצה שלהן, כלומר 4 * 0.75 = <<4*0.75=3>>3 חתיכות כל אחת.לכן, כל אחת מהן השאירה 4 - 3 = <<4-3=1>>1 חתיכה.מספר חתיכות הפיצה הכולל שנשאר לא נאכל הוא 2 (מביל) + 2 (מדייל) + 1 (מאן) + 1 (מקייט) = <<2+2+1+1=6>>6 חתיכות.#### 6</answer>","<question>אן, ביל, קייט ודייל קונים כל אחד פיצה אישית חתוכה ל-4 חתיכות. אם ביל ודייל אוכלים 50% מהפיצות שלהם ואן וקייט אוכלות 75% מהפיצות, כמה חתיכות פיצה נשארו לא נאכלות?</question>
<answer>בסך הכל, יש 4 × 4 = <<4*4=16>>16 חתיכות פיצה.ביל ודייל אוכלים 2 × 4 × 50% = <<2*4*50*.01=4>>4 חתיכות.אן וקייט אוכלות 2 × 4 × 75% = <<2*4*75*.01=6>>6 חתיכות.ארבעתם אוכלים 4 + 6 = <<4+6=10>>10 חתיכות.נשארו 16 - 10 = <<16-10=6>>6 חתיכות פיצה לא נאכלות.#### 6</answer>",,
"<question>נוח הוא צייר. הוא מצייר תמונות ומוכר אותן בפארק. הוא גובה 60$ עבור ציור גדול ו-30$ עבור ציור קטן. בחודש שעבר הוא מכר שמונה ציורים גדולים וארבעה ציורים קטנים. אם הוא מכר פי שניים החודש, כמה הן המכירות שלו לחודש זה?</question>
<answer>מכירות מציורים גדולים בחודש שעבר: 8 ציורים * 60$ לציור = <<8*60=480>>480$.מכירות מציורים קטנים בחודש שעבר: 4 ציורים * 30$ לציור = <<4*30=120>>120$.סך המכירות בחודש שעבר: 480$ + 120$ = <<480+120=600>>600$.מכירות החודש (פי שניים ממכירות החודש שעבר): 600$ * 2 = <<600*2=1200>>1200$.#### 1200</answer>","<question>נוח הוא צייר. הוא מצייר תמונות ומוכר אותן בפארק. הוא גובה 60$ עבור ציור גדול ו-30$ עבור ציור קטן. בחודש שעבר הוא מכר שמונה ציורים גדולים וארבעה ציורים קטנים. אם הוא מכר פי שניים החודש, כמה הן המכירות שלו לחודש זה?</question>
<answer>נוח הרוויח 60$ לציור גדול x 8 ציורים גדולים = $<<60*8=480>>480 עבור הציורים הגדולים.הוא הרוויח גם 30$ לציור קטן x 4 ציורים קטנים = $<<30*4=120>>120 עבור הציורים הקטנים.סך המכירות שלו בחודש שעבר היו 480$ + 120$ = $<<480+120=600>>600.לכן, המכירות שלו החודש הן 600$ x 2 = $<<600*2=1200>>1200.#### 1200</answer>",,
"<question>מכונית נוסעת במנהרה עם פניות רבות. לאחר זמן מה, המכונית צריכה לנסוע דרך טבעת הדורשת סך הכל 4 פניות ימינה. לאחר הפנייה הראשונה, היא נוסעת 5 מטרים. לאחר הפנייה השנייה, היא נוסעת 8 מטרים. לאחר הפנייה השלישית, היא נוסעת קצת יותר רחוק ובפנייה הרביעית, היא יוצאת מיד מהמנהרה. אם המכונית נסעה בסך הכל 23 מטרים סביב הטבעת, כמה רחוק היא נסעה לאחר הפנייה השלישית?</question>
<answer>המכונית נסעה 5 מטרים לאחר הפנייה הראשונה ו-8 מטרים לאחר הפנייה השנייה.המרחק הכולל שנסעה המכונית לאחר הפנייה הראשונה והשנייה הוא 5 + 8 = <<5+8=13>>13 מטרים.המרחק הכולל שנסעה המכונית סביב הטבעת הוא 23 מטרים.לכן, המרחק שנסעה המכונית לאחר הפנייה השלישית הוא 23 - 13 = <<23-13=10>>10 מטרים.#### 10</answer>","<question>מכונית נוסעת במנהרה עם פניות רבות. לאחר זמן מה, המכונית חייבת לנסוע דרך טבעת הדורשת סך הכל 4 פניות ימינה. לאחר הפנייה הראשונה, היא נוסעת 5 מטרים. לאחר הפנייה השנייה, היא נוסעת 8 מטרים. לאחר הפנייה השלישית, היא נוסעת קצת יותר רחוק ובפנייה הרביעית, היא יוצאת מיד מהמנהרה. אם המכונית נסעה סך הכל 23 מטרים סביב הטבעת, כמה רחוק היא נסעה לאחר הפנייה השלישית?</question>
<answer>מהפרטים הנתונים, המכונית נסעה 5 מטרים בפנייה הראשונה + 8 מטרים לאחר הפנייה השנייה + 0 מטרים לאחר הפנייה הרביעית = <<5+8+0=13>>13 מטרים סביב הטבעת.
לכן היא ודאי נסעה 23 מטרים בסך הכל – 13 מטרים מחושבים = 10 מטרים לאחר הפנייה השלישית.
#### 10</answer>",,
"<question>כדי להכין פיצה, יחד עם מרכיבים אחרים, קימבר צריכה 10 כוסות מים, 16 כוסות קמח, וחצי מכמות כוסות הקמח בכפיות מלח. חשבו את הכמות הכוללת המשולבת של כוסות מים, קמח וכפיות מלח שהיא צריכה כדי להכין את הפיצה.</question>
<answer>קימבר צריכה חצי מכמות כוסות הקמח בכפיות מלח. כמות הקמח היא 16 כוסות.לכן, כמות המלח שהיא צריכה היא 16 * 0.5 = <<16*0.5=8>>8 כפיות.הכמות הכוללת המשולבת של מים, קמח ומלח היא 10 + 16 + 8 = <<10+16+8=34>>34.#### 34</answer>","<question>כדי להכין פיצה, יחד עם מרכיבים אחרים, קימבר צריכה 10 כוסות מים, 16 כוסות קמח, וחצי מכמות כוסות הקמח בכפיות מלח. חשבו את המספר הכולל המשולב של כוסות מים, קמח וכפיות מלח שהיא צריכה כדי להכין את הפיצה?</question>
<answer>כדי להכין את הפיצה, קימבר צריכה כמות מלח בכפיות השווה לחצי מכמות כוסות הקמח, כלומר היא צריכה 1/2*16 = <<16*1/2=8>>8 כפיות מלח. המספר הכולל של כוסות קמח וכפיות מלח שהיא צריכה הוא 8+16 = <<8+16=24>>24. היא צריכה גם 10 כוסות מים, מה שאומר שהמספר הכולל של כוסות מים, קמח וכפיות מלח שהיא צריכה הוא 24+10 = <<24+10=34>>34. #### 34</answer>",,
"<question>מר סם חילק סכום כסף מסוים בין שני בניו, קן וטוני. אם קן קיבל 1750$, וטוני קיבל פי שניים מקן, כמה כסף חולק בסך הכל?</question>
<answer>קן קיבל 1750$.טוני קיבל פי שניים מקן, כלומר 1750 * 2 = <<1750*2=3500>>3500$.הסכום הכולל שחולק הוא הסכום שקיבל קן בתוספת הסכום שקיבל טוני: 1750 + 3500 = <<1750+3500=5250>>5250$.#### 5250</answer>","<question>מר סם חילק סכום כסף מסוים בין שני בניו, קן וטוני. אם קן קיבל 1750$, וטוני קיבל פי שניים מקן, כמה כסף חולק?</question>
<answer>טוני קיבל פי שניים מ-1750$ שזה 2*1750$ = $<<2*1750=3500>>3500הסכום הכולל שחולק היה 1750$+3500$ = $<<1750+3500=5250>>5250#### 5250</answer>",,
"<question>מר סנצ'ז גילה ש-40% מתלמידי כיתה ה' שלו קיבלו ציון סופי נמוך מ-B. כמה מתלמידיו קיבלו ציון סופי B ומעלה אם יש לו 60 תלמידים בכיתה ה'?</question>
<answer>אם 40% מהתלמידים קיבלו ציון נמוך מ-B, אז אחוז התלמידים שקיבלו ציון B ומעלה הוא 100% - 40% = <<100-40=60>>60%.מספר התלמידים שקיבלו ציון B ומעלה הוא 60% מתוך 60 תלמידים.זהו 0.60 * 60 = <<0.60*60=36>>36 תלמידים.#### 36</answer>","<question>מר סנצ'ז גילה ש-40% מתלמידי כיתה ה' שלו קיבלו ציון סופי נמוך מ-B. כמה מתלמידיו קיבלו ציון סופי B ומעלה אם יש לו 60 תלמידים בכיתה ה'?</question>
<answer>מכיוון ש-40% מתלמידיו קיבלו ציון נמוך מ-B, 100% - 40% = 60% מתלמידי מר סנצ'ז קיבלו ציון B ומעלה.לכן, 60 × 60/100 = <<60*60/100=36>>36 תלמידים קיבלו ציון B ומעלה בציון הסופי שלהם.#### 36</answer>",,
"<question>ליסה, ג'ק וטומי הרוויחו 60$ משטיפת מכוניות כל השבוע. עם זאת, חצי מ-60$ הרוויחה ליסה. טומי הרוויח חצי ממה שליסה הרוויחה. כמה כסף יותר הרוויחה ליסה מטומי?</question>
<answer>ליסה הרוויחה 60 / 2 = $<<60/2=30>>30.
טומי הרוויח 30 / 2 = $<<30/2=15>>15.
ליסה הרוויחה יותר מטומי ב- 30 - 15 = $<<30-15=15>>15.
#### 15</answer>","<question>ליסה, ג'ק וטומי הרוויחו 60$ משטיפת מכוניות במשך כל השבוע. עם זאת, חצי מ-60$ הרוויחה ליסה. טומי הרוויח חצי ממה שליסה הרוויחה. כמה כסף יותר הרוויחה ליסה מטומי?</question>
<answer>ליסה הרוויחה 60$ * 1/2 = $<<60*1/2=30>>30.טומי הרוויח 30$ * 1/2 = $<<30*1/2=15>>15.ליסה הרוויחה 30$ - 15$ = $<<30-15=15>>15 יותר מטומי.#### 15</answer>",,
"<question>חמישה חברים אוכלים ברשת מזון מהיר ומזמינים את הדברים הבאים: 5 המבורגרים שעולים 3$ כל אחד; 4 מנות צ'יפס שעולות 1.20$ כל אחת; 5 כוסות שתייה קלה שעולות 0.5$ כל אחת; ומגש אחד של ספגטי שעולה 2.7$. כמה ישלם כל אחד מהם אם הם יחלקו את החשבון שווה בשווה?</question>
<answer>עלות ההמבורגרים היא 5 * 3 = $<<5*3=15>>15.
עלות הצ'יפס היא 4 * 1.20 = $<<4*1.20=4.8>>4.8.
עלות השתייה הקלה היא 5 * 0.5 = $<<5*0.5=2.5>>2.5.
עלות הספגטי היא $2.7.
העלות הכוללת של ההזמנה היא 15 + 4.8 + 2.5 + 2.7 = $<<15+4.8+2.5+2.7=25>>25.
מכיוון שיש 5 חברים והם מחלקים את החשבון שווה בשווה, כל אחד מהם ישלם 25 / 5 = $<<25/5=5>>5.
#### 5</answer>","<question>חמישה חברים אוכלים ברשת מזון מהיר ומזמינים את הדברים הבאים: 5 המבורגרים שעולים 3$ כל אחד; 4 מנות צ'יפס שעולות 1.20$ כל אחת; 5 כוסות שתייה קלה שעולות 0.5$ כל אחת; וצלחת ספגטי אחת שעולה 2.7$. כמה ישלם כל אחד מהם אם יחלקו את החשבון שווה בשווה?</question>
<answer>העלות של 5 המבורגרים היא 3$ × 5 = $<<3*5=15>>15.העלות של 4 מנות צ'יפס היא 1.20$ × 4 = $<<1.20*4=4.80>>4.80.העלות של 5 כוסות שתייה קלה היא 0.5$ × 5 = $<<0.5*5=2.50>>2.50.אז החשבון הכולל שלהם הוא 15$ + 4.80$ + 2.50$ + 2.7$ = $<<15+4.8+2.5+2.7=25>>25.לכן, כל אחד מחמשת החברים ישלם 25$/5 = $<<25/5=5>>5.#### 5</answer>",,
"<question>ארטמיס מכינה תה למסיבה. היא יודעת שאמא שלה שותה כוס תה של 8 אונקיות ומשתמשת באונקיית תה אחת. היא תשתמש באותו יחס למסיבה. במסיבה יש 12 אנשים וכל אחד מהם רוצה כוס תה של 6 אונקיות. כמה אונקיות תה היא צריכה?</question>
<answer>היחס של תה (מרכיב) לכוס תה (נוזל) הוא 1 אונקיה לכל 8 אונקיות.במסיבה יש 12 אנשים וכל אחד רוצה כוס של 6 אונקיות.הכמות הכוללת של תה נוזלי שצריך להכין היא 12 * 6 = <<12*6=72>>72 אונקיות.כדי למצוא כמה אונקיות תה (המרכיב) ארטמיס צריכה, נשתמש ביחס: 72 / 8 = <<72/8=9>>9 אונקיות.#### 9</answer>","<question>ארטמיס מכינה תה למסיבה. היא יודעת שאמא שלה שותה כוס תה של 8 אונקיות ומשתמשת באונקיית תה אחת. היא תשתמש באותו יחס למסיבה. במסיבה יש 12 אנשים וכל אחד מהם רוצה כוס תה של 6 אונקיות. כמה אונקיות תה היא צריכה?</question>
<answer>היא מכינה 72 אונקיות מים כי 12 × 6 = <<12*6=72>>72
היא צריכה 9 אונקיות תה כי 72 / 8 = <<72/8=9>>9
#### 9</answer>",,
"<question>אנה יוצאת לאסוף ממתקים בשכונה שבה היא מקבלת 14 יחידות ממתק לבית. אחיה בילי יוצא לאסוף ממתקים בשכונה סמוכה שבה הוא מקבל 11 יחידות ממתק לבית. אם בשכונה הראשונה יש 60 בתים ובשכונה השנייה יש 75 בתים, כמה יחידות ממתק נוספות אנה מקבלת?</question>
<answer>אנה מקבלת 14 יחידות ממתק לבית ויש 60 בתים בשכונה שלה. סה""כ ממתקים שאנה מקבלת: 14 * 60 = <<14*60=840>>840.בילי מקבל 11 יחידות ממתק לבית ויש 75 בתים בשכונה שלו. סה""כ ממתקים שבילי מקבל: 11 * 75 = <<11*75=825>>825.כדי למצוא כמה יחידות ממתק נוספות אנה מקבלת, נחסיר את הסכום של בילי מהסכום של אנה. ההפרש: 840 - 825 = <<840-825=15>>15.#### 15</answer>","<question>אנה הולכת לאסוף ממתקים בשכונה שבה היא מקבלת 14 ממתקים לבית. אחיה בילי הולך לאסוף ממתקים בשכונה סמוכה שבה הוא מקבל 11 ממתקים לבית. אם בשכונה הראשונה יש 60 בתים ובשכונה השנייה יש 75 בתים, כמה ממתקים יותר אנה מקבלת?</question>
<answer>ראשית, מצאו את המספר הכולל של הממתקים שאנה מקבלת: 14 ממתקים/בית * 60 בתים = 840 ממתקים
לאחר מכן, מצאו את המספר הכולל של הממתקים שבילי מקבל: 11 ממתקים/בית * 75 בתים = <<11*75=825>>825 ממתקים
לאחר מכן, הפחיתו את מספר הממתקים שבילי מקבל ממספר הממתקים שאנה מקבלת כדי למצוא את ההפרש: 840 ממתקים - 825 ממתקים = <<840-825=15>>15 ממתקים
#### 15</answer>",,
"<question>כרטיס כניסה לקונצרט עולה 40$. מר בנסון קנה 12 כרטיסים וקיבל הנחה של 5% על כל כרטיס שנרכש מעל 10 כרטיסים. כמה שילם מר בנסון בסך הכל?</question>
<answer>מר בנסון קנה 10 כרטיסים במחיר מלא, כלומר 10 * 40$ = <<10*40=400>>400$. הוא קנה 12 כרטיסים בסך הכל, אז 12 - 10 = <<12-10=2>>2 כרטיסים קיבלו הנחה. ההנחה היא 5% מ-40$, כלומר 0.05 * 40$ = <<0.05*40=2>>2$. לכן, כל כרטיס מוזל עלה 40$ - 2$ = <<40-2=38>>38$. על שני הכרטיסים המוזלים הוא שילם 2 * 38$ = <<2*38=76>>76$. בסך הכל, מר בנסון שילם 400$ + 76$ = <<400+76=476>>476$.#### 476</answer>","<question>כרטיס לקונצרט עולה 40$. מר בנסון קנה 12 כרטיסים וקיבל הנחה של 5% על כל כרטיס שנרכש מעל 10. כמה שילם מר בנסון בסך הכל?</question>
<answer>מר בנסון קיבל הנחה של 5% על כל אחד מ-12 - 10 = <<12-10=2>>2 הכרטיסים.לכן, שני הכרטיסים הללו קיבלו הנחה של 40$ x 5/100 = $<<40*5/100=2>>2 כל אחד.מכאן שכל כרטיס עלה 40$ - 2$ = $<<40-2=38>>38 כל אחד.לכן, שני כרטיסים מוזלים מסתכמים ב-38$ x 2 = $<<38*2=76>>76.ועשרת הכרטיסים האחרים מסתכמים ב-40$ x 10 = $<<40*10=400>>400.לכן, מר בנסון שילם בסך הכל 400$ + 76$ = $<<400+76=476>>476.#### 476</answer>",,
"<question>רחל ושרה רוצות להשתתף בתחרות יופי ודוגמנות. שתיהן רוצות לקנות זוגות נעליים ושמלות חדשות. שרה קונה זוג נעליים שעולה 50$ ושמלה שעולה 200$. כמה כסף רחל צריכה לתקצב אם היא רוצה להוציא פי שניים ממה ששרה הוציאה על זוג הנעליים והשמלה?</question>
<answer>שרה הוציאה בסך הכל 50 + 200 = $<<50+200=250>>250 על הנעליים והשמלה.רחל רוצה להוציא פי שניים ממה ששרה הוציאה, אז היא צריכה לתקצב 250 * 2 = $<<250*2=500>>500.#### 500</answer>","<question>רחל ושרה רוצות להשתתף בתחרות יופי ודוגמנות. שתיהן רוצות לקנות זוגות נעליים ושמלות חדשות. שרה קונה זוג נעליים שעולה 50$ ושמלה שעולה 200$. כמה רחל צריכה לתקצב אם היא רוצה להוציא פי שניים ממה ששרה הוציאה על זוג הנעליים והשמלה?</question>
<answer>העלות שרחל צריכה לתקצב עבור זוג הנעליים שלה היא 50$ * 2 = $<<50*2=100>>100.
העלות שרחל צריכה לתקצב עבור השמלה שלה היא 200$ * 2 = $<<200*2=400>>400.
הסכום הכולל שרחל צריכה לתקצב הוא 100$ + 400$ = $<<100+400=500>>500.
#### 500</answer>",,
"<question>משפחה של 12 קופים אספה 10 ערימות של בננות. ל-6 ערימות היו 9 ידיים, כשבכל יד היו 14 בננות, בעוד שלערימות הנותרות היו 12 ידיים, כשבכל יד היו 9 בננות. כמה בננות יקבל כל קוף אם יחלקו את הבננות שווה בשווה ביניהם?</question>
<answer>בכל אחת מ-6 הערימות הראשונות היו 9 אשכולות, ובכל אשכול 14 בננות. לכן, בכל ערימה כזו היו 9 * 14 = <<9*14=126>>126 בננות.ב-6 הערימות יחד היו 6 * 126 = <<6*126=756>>756 בננות.מספר הערימות הנותרות הוא 10 - 6 = <<10-6=4>>4 ערימות.בכל אחת מ-4 הערימות הנותרות היו 12 אשכולות, ובכל אשכול 9 בננות. לכן, בכל ערימה כזו היו 12 * 9 = <<12*9=108>>108 בננות.ב-4 הערימות הנותרות יחד היו 4 * 108 = <<4*108=432>>432 בננות.המספר הכולל של הבננות שאספו הקופים הוא 756 + 432 = <<756+432=1188>>1188 בננות.אם 12 קופים יחלקו את 1188 הבננות שווה בשווה, כל קוף יקבל 1188 / 12 = <<1188/12=99>>99 בננות.#### 99</answer>","<question>משפחה של 12 קופים אספה 10 ערימות של בננות. ל-6 ערימות היו 9 אשכולות, כשבכל אשכול היו 14 בננות, בעוד שלערימות הנותרות היו 12 אשכולות, כשבכל אשכול היו 9 בננות. כמה בננות יקבל כל קוף אם יחלקו את הבננות שווה בשווה ביניהם?</question>
<answer>6 האשכולות הראשונים הכילו 6 × 9 × 14 = <<6*9*14=756>>756 בננות.נותרו 10 - 6 = <<10-6=4>>4 אשכולות.4 האשכולות הנותרים הכילו 4 × 12 × 9 = <<4*12*9=432>>432 בננות.בסך הכל, היו 756 + 432 = <<756+432=1188>>1188 בננות.כל קוף יקבל 1188/12 = <<1188/12=99>>99 בננות.#### 99</answer>",,
"<question>רעידת אדמה גרמה לקריסת ארבעה בניינים. מומחים חזו שכל רעידת אדמה עוקבת תגרום לקריסת מספר כפול של בניינים מרעידת האדמה הקודמת, מכיוון שכל אחת מהן תערער את היסודות. לאחר שלוש רעידות אדמה נוספות, כמה בניינים קרסו בסך הכל, כולל אלה מרעידת האדמה הראשונה?</question>
<answer>ברעידת האדמה הראשונה קרסו 4 בניינים.
ברעידת האדמה השנייה (הראשונה מבין ה'נוספות') קרסו 4 * 2 = <<4*2=8>>8 בניינים.
ברעידת האדמה השלישית (השנייה מבין ה'נוספות') קרסו 8 * 2 = <<8*2=16>>16 בניינים.
ברעידת האדמה הרביעית (השלישית מבין ה'נוספות') קרסו 16 * 2 = <<16*2=32>>32 בניינים.
מספר הבניינים הכולל שקרסו הוא 4 + 8 + 16 + 32 = <<4+8+16+32=60>>60 בניינים.
#### 60</answer>","<question>רעידת אדמה גרמה לקריסת ארבעה בניינים. מומחים חזו שכל רעידת אדמה הבאה תגרום לקריסת מספר כפול של בניינים מהקודמת, מכיוון שכל אחת מהן תהפוך את היסודות לפחות יציבים. לאחר שלוש רעידות אדמה נוספות, כמה בניינים קרסו בסך הכל, כולל אלה מהרעידה הראשונה?</question>
<answer>רעידת האדמה השנייה גרמה לקריסת 2 * 4 = <<2*4=8>>8 בניינים.רעידת האדמה השלישית גרמה לקריסת 2 * 8 = <<2*8=16>>16 בניינים.רעידת האדמה הרביעית גרמה לקריסת 16 * 2 = <<16*2=32>>32 בניינים.כולל רעידת האדמה הראשונה, רעידות האדמה גרמו לקריסת 4 + 8 + 16 + 32 = <<4+8+16+32=60>>60 בניינים.#### 60</answer>",,
"<question>ג'יימס הוא סטודנט בשנה א' באוניברסיטה בשיקגו. יש לו תקציב של 1000$ לסמסטר. הוא מוציא 30% מכספו על אוכל, 15% על מגורים, 25% על בידור, ואת השאר על חומרי לימוד. כמה כסף הוא מוציא על חומרי לימוד?</question>
<answer>האחוז הכולל שג'יימס מוציא על אוכל, מגורים ובידור הוא 30% + 15% + 25% = <<30+15+25=70>>70%. מכיוון ששאר הכסף מושקע בחומרי לימוד, האחוז שהוא מוציא על חומרי לימוד הוא 100% - 70% = <<100-70=30>>30%. התקציב הכולל שלו הוא 1000$, אז הוא מוציא 30% מ-1000$ על חומרי לימוד. 0.30 * 1000 = <<0.30*1000=300>>300$.#### 300</answer>","<question>ג'יימס הוא סטודנט שנה א' באוניברסיטה בשיקגו. יש לו תקציב של 1000$ לסמסטר. הוא מוציא 30% מכספו על אוכל, 15% על מגורים, 25% על בילויים, ואת השאר על חומרי לימוד. כמה כסף הוא מוציא על חומרי לימוד?</question>
<answer>מגורים הם 15% * 1000$ = $<<15*.01*1000=150>>150אוכל הוא 30% * 1000$ = $<<30*.01*1000=300>>300בילויים הם 25% * 1000$ = $<<25*.01*1000=250>>250חומרי לימוד הם אפוא 1000$ - (150$ + 300$ + 250$) = 300$#### 300</answer>",,
"<question>זו מסיבת יום ההולדת של אווה. הוריה קנו פיניאטת חד-קרן ב-13$ ומילאו אותה בכל הממתקים האהובים עליה. הם קנו 4 שקיות ריס'ס ב-9$ לשקית, 3 שקיות סניקרס ב-5$ לשקית, ו-5 שקיות סקיטלס ב-7$ לשקית. כמה עלו פיניאטת החד-קרן והממתקים יחד?</question>
<answer>עלות שקיות ריס'ס: 4 שקיות * 9$ לשקית = <<4*9=36>>36$.עלות שקיות סניקרס: 3 שקיות * 5$ לשקית = <<3*5=15>>15$.עלות שקיות סקיטלס: 5 שקיות * 7$ לשקית = <<5*7=35>>35$.העלות הכוללת של הממתקים: 36$ + 15$ + 35$ = <<36+15+35=86>>86$.העלות הכוללת של פיניאטת החד-קרן והממתקים יחד: 13$ + 86$ = <<13+86=99>>99$.#### 99</answer>","<question>זו מסיבת יום ההולדת של אווה. הוריה קנו פיניאטה חד קרן ב-13$ ומילאו אותה בכל הממתקים האהובים עליה. הם קנו 4 שקיות של ריס'ס ב-9$ לשקית, 3 שקיות של סניקרס ב-5$ לשקית, ו-5 שקיות של סקיטלס ב-7$ לשקית. כמה עלו פיניאטת חד הקרן והממתקים יחד?</question>
<answer>ארבע שקיות הריס'ס עלו 9$ × 4 = $<<9*4=36>>36.שלוש שקיות הסניקרס עלו 5$ × 3 = $<<5*3=15>>15.חמש שקיות הסקיטלס עלו 7$ × 5 = $<<7*5=35>>35.לכן, פיניאטת חד הקרן והממתקים עלו 13$ + 36$ + 15$ + 35$ = $<<13+36+15+35=99>>99.#### 99</answer>",,
"<question>קרוליין מתאמנת בפסנתר 20 דקות ביום ובכינור פי שלושה זמן מזה. אם היא מתאמנת שישה ימים בשבוע, כמה דקות היא מבלה באימון בחודש שיש בו ארבעה שבועות?</question>
<answer>קרוליין מתאמנת בכינור 20 * 3 = <<20*3=60>>60 דקות ביום.לכן, היא מתאמנת בסך הכל 20 + 60 = <<20+60=80>>80 דקות ביום.היא מתאמנת 80 * 6 = <<80*6=480>>480 דקות בשבוע.בחודש שיש בו ארבעה שבועות, היא מתאמנת 480 * 4 = <<480*4=1920>>1920 דקות.#### 1920</answer>","<question>קרוליין מתאמנת בפסנתר 20 דקות ביום ובכינור פי שלושה זמן מזה. אם היא מתאמנת שישה ימים בשבוע, כמה דקות היא מבלה באימון בחודש שיש בו ארבעה שבועות?</question>
<answer>תחילה מצאו את זמן האימון הכולל של קרוליין בכינור על ידי הכפלת זמן האימון שלה בפסנתר פי שלושה: 20 דקות/יום * 3 = <<20*3=60>>60 דקות/יוםלאחר מכן מצאו את סך הזמן שהיא מבלה באימון בכל יום: 60 דקות/יום + 20 דקות/יום = <<60+20=80>>80 דקות/יוםלאחר מכן מצאו את סך הזמן שהיא מבלה באימון בכל שבוע: 80 דקות/יום * 6 ימים/שבוע = <<80*6=480>>480 דקות/שבועלאחר מכן מצאו את סך הזמן שהיא מבלה באימון בכל חודש: 480 דקות/שבוע * 4 שבועות/חודש = <<480*4=1920>>1920 דקות/חודש#### 1920</answer>",,
"<question>הקובץ, בגודל 90 מגה-בייט, מוריד בקצב של 5 מגה-בייט לשנייה עבור 60 המגה-בייט הראשונים שלו, ולאחר מכן 10 מגה-בייט לשנייה. כמה זמן, בשניות, לוקח לו להוריד את כולו?</question>
<answer>עבור 60 המגה-בייט הראשונים, הקובץ מוריד בקצב של 5 מגה-בייט לשנייה. לכן, הזמן שלוקח להוריד את החלק הזה הוא 60 / 5 = <<60/5=12>>12 שניות.גודל הקובץ הכולל הוא 90 מגה-בייט. לאחר הורדת 60 המגה-בייט הראשונים, נותרו 90 - 60 = <<90-60=30>>30 מגה-בייט להורדה.החלק הנותר של הקובץ (30 מגה-בייט) מוריד בקצב של 10 מגה-בייט לשנייה. לכן, הזמן שלוקח להוריד את החלק הזה הוא 30 / 10 = <<30/10=3>>3 שניות.הזמן הכולל שלוקח להוריד את הקובץ כולו הוא סכום הזמנים של שני החלקים: 12 + 3 = <<12+3=15>>15 שניות.#### 15</answer>","<question>הקובץ, בגודל 90 מגה-בייט, יורד בקצב של 5 מגה-בייט לשנייה עבור 60 המגה-בייט הראשונים שלו, ולאחר מכן 10 מגה-בייט לשנייה. כמה זמן, בשניות, לוקח לו לרדת במלואו?</question>
<answer>60 המגה-בייט הראשונים לוקחים 60/5=<<60/5=12>>12 שניות. נותרו 90-60=<<90-60=30>>30 מגה-בייט. 30 המגה-בייט הנותרים לוקחים 30/10=<<30/10=3>>3 שניות. ו-12+3=<<12+3=15>>15 שניות.#### 15</answer>",,
"<question>סם שינן שש ספרות נוספות של פאי יותר מקרלוס. מינה שיננה פי שישה ספרות של פאי ממה שקרלוס שינן. אם מינה שיננה 24 ספרות של פאי, כמה ספרות שינן סם?</question>
<answer>מינה שיננה 24 ספרות של פאי. מינה שיננה פי שישה ספרות של פאי ממה שקרלוס שינן. לכן, קרלוס שינן 24 / 6 = <<24/6=4>>4 ספרות. סם שינן שש ספרות נוספות של פאי יותר מקרלוס. לכן, סם שינן 4 + 6 = <<4+6=10>>10 ספרות.#### 10</answer>","<question>סם שינן שש ספרות נוספות של פאי מאשר קרלוס שינן. מינה שיננה פי שישה ספרות של פאי ממה שקרלוס שינן. אם מינה שיננה 24 ספרות של פאי, כמה ספרות שינן סם?</question>
<answer>קרלוס שינן 24/6=<<24/6=4>>4 ספרות של פאי.סם שינן 4+6=10 ספרות של פאי.#### 10</answer>",,
"<question>בטיול בית ספר לחוף הים, אלן וחבריו אספו צדפים. אלן אסף פי ארבעה צדפים מבן. בן התחיל מאוחר ואסף רק שליש ממה שלורי אספה. אם לורי אספה 36 צדפים, כמה צדפים אסף אלן?</question>
<answer>לורי אספה 36 צדפים.בן אסף שליש ממה שלורי אספה, כלומר בן אסף 36 / 3 = <<36/3=12>>12 צדפים.אלן אסף פי ארבעה צדפים מבן, כלומר אלן אסף 12 * 4 = <<12*4=48>>48 צדפים.#### 48</answer>","<question>בטיול בית ספר לחוף הים, אלן וחבריו אספו צדפים. אלן אסף פי ארבעה צדפים מבן. בן התחיל מאוחר ואסף רק שליש ממה שלורי אספה. אם לורי אספה 36 צדפים, כמה צדפים אסף אלן?</question>
<answer>בן אסף 36/3=<<36/3=12>>12 צדפים
אלן אסף 12*4=<<12*4=48>>48 צדפים
#### 48</answer>",,
"<question>ג'רלד מוציא 100$ בחודש על ציוד בייסבול. העונה שלו נמשכת 4 חודשים. הוא רוצה להשתמש בחודשים שבהם הוא לא משחק בייסבול כדי לחסוך כסף על ידי גירוף עלים, פינוי שלג וכיסוח דשא. הוא גובה 10$ עבור כל עבודה. כמה עבודות בית הוא צריך לבצע בממוצע בחודש כדי לחסוך לציוד שלו?</question>
<answer>העלות הכוללת של הציוד לעונה היא 100$ * 4 חודשים = $<<100*4=400>>400.ישנם 12 - 4 = <<12-4=8>>8 חודשים שבהם הוא לא משחק בייסבול.הוא צריך לחסוך 400$ בחודשים אלה.מכיוון שהוא גובה 10$ עבור כל עבודה, הוא צריך לבצע 400 / 10 = <<400/10=40>>40 עבודות בסך הכל.כדי למצוא את הממוצע החודשי, נחלק את מספר העבודות הכולל במספר החודשים שבהם הוא חוסך: 40 עבודות / 8 חודשים = <<40/8=5>>5 עבודות בחודש.#### 5</answer>","<question>ג'רלד מוציא 100$ בחודש על ציוד בייסבול. העונה שלו נמשכת 4 חודשים. הוא רוצה לנצל את החודשים שבהם הוא לא משחק בייסבול כדי לחסוך כסף על ידי גירוף עלים, פינוי שלג וכיסוח דשא. הוא גובה 10$ עבור כל עבודה. כמה עבודות הוא צריך לבצע בממוצע בחודש כדי לחסוך לציוד שלו?</question>
<answer>הוא צריך לחסוך 400$ כי 4 × 100 = <<4*100=400>>400
יש לו 8 חודשים להרוויח את הכסף הזה כי 12 - 4 = <<12-4=8>>8
הוא צריך להרוויח 50$ בחודש כי 400 / 8 = <<400/8=50>>50
הוא צריך לבצע 5 משימות בחודש כי 50 / 10 = <<50/10=5>>5
#### 5</answer>",,
"<question>אן חותכת בד כדי להכין וילונות. היא חותכת מלבן בגודל 4 רגל על 6 רגל לסלון, ומלבן בגודל 2 רגל על 4 רגל לחדר השינה. אם גליל הבד הוא בגודל 16 רגל על 12 רגל, כמה בד נשאר ברגל רבוע?</question>
<answer>שטח הבד לסלון הוא 4 * 6 = <<4*6=24>>24 רגל רבוע.שטח הבד לחדר השינה הוא 2 * 4 = <<2*4=8>>8 רגל רבוע.סה""כ הבד ששימשה הוא 24 + 8 = <<24+8=32>>32 רגל רבוע.השטח הכולל של גליל הבד הוא 16 * 12 = <<16*12=192>>192 רגל רבוע.הבד שנותר הוא 192 - 32 = <<192-32=160>>160 רגל רבוע.#### 160</answer>","<question>אן חותכת בד כדי להכין וילונות. היא חותכת מלבן בגודל 4 רגל על 6 רגל לסלון, ומלבן בגודל 2 רגל על 4 רגל לחדר השינה. אם גליל הבד הוא בגודל 16 רגל על 12 רגל, כמה בד נשאר ברגל רבוע?</question>
<answer>תחילה חשבו כמה רגל רבוע היה גליל הבד המקורי: 16 רגל * 12 רגל = <<16*12=192>>192 רגל רבוע
לאחר מכן חשבו כמה בד אן לקחה לוילונות הסלון: 4 רגל * 6 רגל = <<4*6=24>>24 רגל רבוע
לאחר מכן חשבו כמה בד אן לקחה לוילונות חדר השינה: 2 רגל * 4 רגל = <<2*4=8>>8 רגל רבוע
לבסוף, הפחיתו את שטח הרגל הרבוע של שני סטים של וילונות משטח הרגל הרבוע הכולל: 192 - 24 - 8 = <<192-24-8=160>>160 רגל רבוע
#### 160</answer>",,
"<question>לארנל היו עשרה קופסאות עפרונות עם אותו מספר עפרונות בכל קופסה. הוא שמר עשרה עפרונות וחילק את העפרונות הנותרים באופן שווה עם חמשת חבריו. אם כל אחד מחבריו קיבל שמונה עפרונות, כמה עפרונות יש בכל קופסה?</question>
<answer>חמשת חבריו של ארנל קיבלו 8 עפרונות כל אחד, אז בסך הכל הם קיבלו 5 * 8 = <<5*8=40>>40 עפרונות.
ארנל שמר 10 עפרונות לעצמו, אז המספר הכולל של העפרונות שהיו לו בהתחלה היה 40 + 10 = <<40+10=50>>50 עפרונות.
לארנל היו עשרה קופסאות עפרונות עם אותו מספר עפרונות בכל קופסה. לכן, מספר העפרונות בכל קופסה הוא 50 / 10 = <<50/10=5>>5 עפרונות.
#### 5</answer>","<question>לארנל היו עשרה קופסאות של עפרונות עם אותו מספר עפרונות בכל קופסה. הוא שמר עשרה עפרונות וחילק את העפרונות הנותרים באופן שווה עם חמשת חבריו. אם חבריו קיבלו שמונה עפרונות כל אחד, כמה עפרונות יש בכל קופסה?</question>
<answer>ארנל חילק 5 × 8 = <<5*8=40>>40 עפרונות עם חבריו.אז, היו לו בסך הכל 10 + 40 = <<10+40=50>>50 עפרונות.לכן, בכל קופסה היו 50/10 = <<50/10=5>>5 עפרונות.#### 5</answer>",,
"<question>קיילב קנה 10 קרטונים של גלידה ו-4 קרטונים של יוגורט קפוא. כל קרטון גלידה עלה 4$ וכל קרטון יוגורט קפוא עלה 1$. בכמה יותר הוציא קיילב על גלידה מאשר על יוגורט קפוא?</question>
<answer>קיילב הוציא על גלידה: 10 קרטונים * 4$ לקרטון = <<10*4=40>>40$.קיילב הוציא על יוגורט קפוא: 4 קרטונים * 1$ לקרטון = <<4*1=4>>4$.ההפרש בין ההוצאה על גלידה ליוגורט קפוא הוא: 40$ - 4$ = <<40-4=36>>36$.#### 36</answer>","<question>קיילב קנה 10 קרטונים של גלידה ו-4 קרטונים של יוגורט קפוא. כל קרטון גלידה עלה 4$ וכל קרטון יוגורט קפוא עלה 1$. בכמה יותר הוציא קיילב על גלידה מאשר על יוגורט קפוא?</question>
<answer>עלות הגלידה היא 10 × 4$ = $<<10*4=40>>40.
עלות היוגורט הקפוא היא 4 × 1$ = $<<4*1=4>>4.
קיילב הוציא 40$ − 4$ = 36$ יותר על גלידה מאשר על יוגורט קפוא.
#### 36</answer>",,
"<question>לאה הרוויחה 28$ מעבודות מזדמנות בשכונה. היא הוציאה שביעית מהסכום על מילקשייק ושמה חצי מהיתרה בחשבון החיסכון שלה. את הכסף הנותר היא השאירה בארנקה. הכלב שלה תפס את הארנק שלה וגזר את כל הכסף שבתוכו מלבד 1$. כמה דולרים לאה הפסידה?</question>
<answer>לאה הוציאה שביעית מ-28$ על מילקשייק, כלומר 28 / 7 = $<<28/7=4>>4.לאחר קניית המילקשייק, נותרו לה 28 - 4 = $<<28-4=24>>24.היא שמה חצי מהיתרה בחשבון החיסכון שלה, כלומר 24 / 2 = $<<24/2=12>>12.הכסף הנותר בארנק שלה היה 24 - 12 = $<<24-12=12>>12.הכלב שלה גזר את כל הכסף בארנק מלבד 1$, כלומר היא הפסידה 12 - 1 = $<<12-1=11>>11.#### 11</answer>","<question>לאה הרוויחה 28$ מעבודות מזדמנות בשכונה. היא הוציאה שביעית מזה על מילקשייק ושמה חצי מהשאר בחשבון החיסכון שלה. היא השאירה את הכסף הנותר בארנקה. הכלב שלה תפס את הארנק שלה וגירד את כל הכסף שבפנים חוץ מ-1$. כמה דולרים לאה הפסידה?</question>
<answer>לאה הוציאה 28 / 7 = $<<28/7=4>>4 על מילקשייק.נשארו לה 28 - 4 = $<<28-4=24>>24.היא שמה חצי בחשבון החיסכון שלה וחצי בארנקה, אז היו לה 24 / 2 = $<<24/2=12>>12 בארנק.הכלב שלה גירד את כל הכסף בארנק שלה חוץ מ-1$, אז לאה הפסידה 12 - 1 = $<<12-1=11>>11.#### 11</answer>",,